-- phpMyAdmin SQL Dump
-- version 5.2.0
-- https://www.phpmyadmin.net/
--
-- Host: 127.0.0.1
-- Generation Time: Dec 07, 2023 at 03:04 AM
-- Server version: 10.4.25-MariaDB
-- PHP Version: 8.1.10

SET SQL_MODE = "NO_AUTO_VALUE_ON_ZERO";
START TRANSACTION;
SET time_zone = "+00:00";


/*!40101 SET @OLD_CHARACTER_SET_CLIENT=@@CHARACTER_SET_CLIENT */;
/*!40101 SET @OLD_CHARACTER_SET_RESULTS=@@CHARACTER_SET_RESULTS */;
/*!40101 SET @OLD_COLLATION_CONNECTION=@@COLLATION_CONNECTION */;
/*!40101 SET NAMES utf8mb4 */;

--
-- Database: `shoe_store`
--

-- --------------------------------------------------------

--
-- Table structure for table `admins`
--

CREATE TABLE `admins` (
  `admin_id` int(10) NOT NULL,
  `admin_name` varchar(225) NOT NULL,
  `admin_email` varchar(225) NOT NULL,
  `admin_pass` varchar(225) NOT NULL,
  `admin_image` text NOT NULL,
  `admin_country` text NOT NULL,
  `admin_about` text NOT NULL,
  `admin_contact` varchar(225) NOT NULL,
  `admin_job` varchar(225) NOT NULL
) ENGINE=InnoDB DEFAULT CHARSET=latin1;

--
-- Dumping data for table `admins`
--

INSERT INTO `admins` (`admin_id`, `admin_name`, `admin_email`, `admin_pass`, `admin_image`, `admin_country`, `admin_about`, `admin_contact`, `admin_job`) VALUES
(3, 'admin', 'admin@gmail.com', 'admin', 'webcam-toy-photo46.jpg', 'Indonesia', 'galuh ramadhani maulana', '082228123569', 'Admin');

-- --------------------------------------------------------

--
-- Table structure for table `cart`
--

CREATE TABLE `cart` (
  `p_id` int(10) NOT NULL,
  `ip_add` varchar(255) NOT NULL,
  `qty` int(10) NOT NULL,
  `size` text NOT NULL,
  `custom_size` text NOT NULL
) ENGINE=InnoDB DEFAULT CHARSET=latin1;

-- --------------------------------------------------------

--
-- Table structure for table `category`
--

CREATE TABLE `category` (
  `category_id` int(10) NOT NULL,
  `category_name` text NOT NULL,
  `category_desc` text NOT NULL
) ENGINE=InnoDB DEFAULT CHARSET=latin1;

--
-- Dumping data for table `category`
--

INSERT INTO `category` (`category_id`, `category_name`, `category_desc`) VALUES
(1, 'Flat Shoes', 'Lorem ipsum dolor sit amet, consectetur adipisicing elit, sed do eiusmod tempor incididunt ut labore et dolore magna aliqua. Ut enim ad minim veniam, quis nostrud exercitation ullamco laboris nisi ut aliquip ex ea commodo consequat. Duis aute irure dolor in reprehenderit in voluptate velit esse cillum dolore eu fugiat nulla pariatur. Excepteur sint occaecat cupidatat non proident, sunt in culpa qui officia deserunt mollit anim id est laborum.'),
(2, 'Slippers', 'Lorem ipsum dolor sit amet, consectetur adipisicing elit, sed do eiusmod tempor incididunt ut labore et dolore magna aliqua. Ut enim ad minim veniam, quis nostrud exercitation ullamco laboris nisi ut aliquip ex ea commodo consequat. Duis aute irure dolor in reprehenderit in voluptate velit esse cillum dolore eu fugiat nulla pariatur. Excepteur sint occaecat cupidatat non proident, sunt in culpa qui officia deserunt mollit anim id est laborum.');

-- --------------------------------------------------------

--
-- Table structure for table `contact`
--

CREATE TABLE `contact` (
  `contact_id` int(10) NOT NULL,
  `contact_name` varchar(100) NOT NULL,
  `contact_email` varchar(100) NOT NULL,
  `contact_subject` text NOT NULL,
  `contact_message` text NOT NULL
) ENGINE=InnoDB DEFAULT CHARSET=latin1;

--
-- Dumping data for table `contact`
--

INSERT INTO `contact` (`contact_id`, `contact_name`, `contact_email`, `contact_subject`, `contact_message`) VALUES
(2, 'galuh', 'galuhrm09@gmail.com', '082228123569', '082228123569');

-- --------------------------------------------------------

--
-- Table structure for table `customer`
--

CREATE TABLE `customer` (
  `customer_id` int(10) NOT NULL,
  `customer_name` varchar(255) NOT NULL,
  `customer_email` varchar(255) NOT NULL,
  `customer_pass` varchar(255) NOT NULL,
  `customer_contact` varchar(255) NOT NULL,
  `customer_city` text NOT NULL,
  `customer_address` text NOT NULL,
  `customer_pos` text NOT NULL,
  `customer_img` text NOT NULL,
  `customer_ip` varchar(100) NOT NULL
) ENGINE=InnoDB DEFAULT CHARSET=latin1;

--
-- Dumping data for table `customer`
--

INSERT INTO `customer` (`customer_id`, `customer_name`, `customer_email`, `customer_pass`, `customer_contact`, `customer_city`, `customer_address`, `customer_pos`, `customer_img`, `customer_ip`) VALUES
(5, 'customer', 'customer@gmail.com', 'customer', '0812345678', 'Bandung', 'Buah Batu', '12345', 'profile-2398782_960_720.png', '::1'),
(6, 'galuh', 'galuh@gmail.com', '123', '08505232356', 'jember', 'sempolan', '36334', 'webcam-toy-photo46.jpg', '::1');

-- --------------------------------------------------------

--
-- Table structure for table `customer_orders`
--

CREATE TABLE `customer_orders` (
  `order_id` int(10) NOT NULL,
  `customer_id` int(10) NOT NULL,
  `due_amount` int(100) NOT NULL,
  `invoice_no` int(100) NOT NULL,
  `qty` int(10) NOT NULL,
  `size` text NOT NULL,
  `custom_size` text NOT NULL,
  `order_date` date NOT NULL,
  `order_status` text NOT NULL
) ENGINE=InnoDB DEFAULT CHARSET=latin1;

-- --------------------------------------------------------

--
-- Table structure for table `description`
--

CREATE TABLE `description` (
  `desc_id` int(10) NOT NULL,
  `desciption_about` text NOT NULL
) ENGINE=InnoDB DEFAULT CHARSET=latin1;

--
-- Dumping data for table `description`
--

INSERT INTO `description` (`desc_id`, `desciption_about`) VALUES
(1, '<p>Amezing didirikan pada tahun 2020 dimulai dengan menjual baju secara online, namun pada tahun 2022 Amezing berganti produk dengan menjual sepatu. Nama merek Amezing, terinspirasi dari kata bahasa inggris yaitu amazing yang memiliki arti luar biasa. Diubah menjadi Amezing karena kata Ame diambil dari Aircraft maintenance engineer karna dulu itu cita-cita saya dan kata zing adalah bahasa inggris yang artinya semangat. Produk Amezing dibuat oleh tangan para pengrajin lokal di Indonesia.</p>\r\n<p>Dengan menggunakan kualitas terbaik dari bahan-bahan dan material pilihan. Produk Amezing dibuat dengan desain yang menarik, dimana pada satu sepatu dapat menghasilkan dua sampai tiga model sepatu dengan menambahkan atau bahkan melepas variasi pada sepatu.</p>\r\n<p>Selain itu, Amezing juga menawarkan custom ukuran sepatu dengan model yang sedang dijual. Amezing memberikan pelanggan rasa mewah yang dikemas dengan harga yang sangat menarik.</p>');

-- --------------------------------------------------------

--
-- Table structure for table `payments`
--

CREATE TABLE `payments` (
  `payment_id` int(10) NOT NULL,
  `invoice_no` int(10) NOT NULL,
  `payment_img` text NOT NULL,
  `payment_process` text NOT NULL
) ENGINE=InnoDB DEFAULT CHARSET=latin1;

--
-- Dumping data for table `payments`
--

INSERT INTO `payments` (`payment_id`, `invoice_no`, `payment_img`, `payment_process`) VALUES
(16, 744695764, '2027501139_Diva.jpg', 'Ongoing'),
(17, 2147483647, 'foto anak panti.jpg', 'Waiting');

-- --------------------------------------------------------

--
-- Table structure for table `pending_orders`
--

CREATE TABLE `pending_orders` (
  `order_id` int(10) NOT NULL,
  `customer_id` int(10) NOT NULL,
  `invoice_no` int(10) NOT NULL,
  `product_id` text NOT NULL,
  `qty` int(10) NOT NULL,
  `size` text NOT NULL,
  `custom_size` text NOT NULL,
  `order_status` text NOT NULL,
  `bank` text NOT NULL
) ENGINE=InnoDB DEFAULT CHARSET=latin1;

--
-- Dumping data for table `pending_orders`
--

INSERT INTO `pending_orders` (`order_id`, `customer_id`, `invoice_no`, `product_id`, `qty`, `size`, `custom_size`, `order_status`, `bank`) VALUES
(30, 5, 744695764, '13', 1, '', '38', 'Complete', ''),
(31, 6, 227855981, '14', 1, '40', '', 'Complete', ''),
(32, 6, 577901315, '13', 1, '40', '', 'Pending', ''),
(33, 6, 2003850598, '13', 1, '38', '', 'Pending', ''),
(34, 6, 2003850598, '14', 1, '37', '', 'Pending', '');

-- --------------------------------------------------------

--
-- Table structure for table `product`
--

CREATE TABLE `product` (
  `product_id` int(10) NOT NULL,
  `category_id` int(10) NOT NULL,
  `product_name` text NOT NULL,
  `product_img_1` text NOT NULL,
  `product_img_2` text NOT NULL,
  `product_price` int(10) NOT NULL,
  `product_desc` text NOT NULL
) ENGINE=InnoDB DEFAULT CHARSET=latin1;

--
-- Dumping data for table `product`
--

INSERT INTO `product` (`product_id`, `category_id`, `product_name`, `product_img_1`, `product_img_2`, `product_price`, `product_desc`) VALUES
(13, 2, '3in1 Slippers', 'product-1b.jpg', 'product-1a.jpg', 400000, '<p>Sepatu Amezing 3in1 merupakan jenis sepatu slipper dengan bahan brukat disertai dengan variasi dua strap (pita dan chain). Pada strap dipasang kancing jepret sehingga stap dapat dilepas. Sehingga sepatu dapat dirubah, dengan melepas pasang strap dengan pilihan strap berbentuk pita, chain, atau bahkan tidak perlu menggunakan strap.</p>'),
(14, 1, '2in1 Flatshoes', 'product-2b.jpg', 'product-2a.jpg', 300000, '<p>Sepatu Amezing 2in1 merupakan sepatu flatshoes dengan bahan jenis alvina disertai dengan variasi satu strap bunga yang dipasang menggunakan kancing jepret sehingga dapat dilepas ataupun dipasang. Maka akan menghasilkan 2 model sepatu yang cantik.</p>');

-- --------------------------------------------------------

--
-- Table structure for table `slides`
--

CREATE TABLE `slides` (
  `slide_id` int(10) NOT NULL,
  `slide_name` varchar(255) NOT NULL,
  `slide_img` text NOT NULL
) ENGINE=InnoDB DEFAULT CHARSET=latin1;

--
-- Dumping data for table `slides`
--

INSERT INTO `slides` (`slide_id`, `slide_name`, `slide_img`) VALUES
(10, 'Slide 10', 'slide-10.jpg'),
(11, 'Slide 12', 'slide-12.jpg'),
(13, 'Slide 13', 'slide-13.jpg');

--
-- Indexes for dumped tables
--

--
-- Indexes for table `admins`
--
ALTER TABLE `admins`
  ADD PRIMARY KEY (`admin_id`);

--
-- Indexes for table `cart`
--
ALTER TABLE `cart`
  ADD PRIMARY KEY (`p_id`);

--
-- Indexes for table `category`
--
ALTER TABLE `category`
  ADD PRIMARY KEY (`category_id`);

--
-- Indexes for table `contact`
--
ALTER TABLE `contact`
  ADD PRIMARY KEY (`contact_id`);

--
-- Indexes for table `customer`
--
ALTER TABLE `customer`
  ADD PRIMARY KEY (`customer_id`);

--
-- Indexes for table `customer_orders`
--
ALTER TABLE `customer_orders`
  ADD PRIMARY KEY (`order_id`);

--
-- Indexes for table `description`
--
ALTER TABLE `description`
  ADD PRIMARY KEY (`desc_id`);

--
-- Indexes for table `payments`
--
ALTER TABLE `payments`
  ADD PRIMARY KEY (`payment_id`);

--
-- Indexes for table `pending_orders`
--
ALTER TABLE `pending_orders`
  ADD PRIMARY KEY (`order_id`);

--
-- Indexes for table `product`
--
ALTER TABLE `product`
  ADD PRIMARY KEY (`product_id`);

--
-- Indexes for table `slides`
--
ALTER TABLE `slides`
  ADD PRIMARY KEY (`slide_id`);

--
-- AUTO_INCREMENT for dumped tables
--

--
-- AUTO_INCREMENT for table `admins`
--
ALTER TABLE `admins`
  MODIFY `admin_id` int(10) NOT NULL AUTO_INCREMENT, AUTO_INCREMENT=4;

--
-- AUTO_INCREMENT for table `category`
--
ALTER TABLE `category`
  MODIFY `category_id` int(10) NOT NULL AUTO_INCREMENT, AUTO_INCREMENT=3;

--
-- AUTO_INCREMENT for table `contact`
--
ALTER TABLE `contact`
  MODIFY `contact_id` int(10) NOT NULL AUTO_INCREMENT, AUTO_INCREMENT=3;

--
-- AUTO_INCREMENT for table `customer`
--
ALTER TABLE `customer`
  MODIFY `customer_id` int(10) NOT NULL AUTO_INCREMENT, AUTO_INCREMENT=7;

--
-- AUTO_INCREMENT for table `customer_orders`
--
ALTER TABLE `customer_orders`
  MODIFY `order_id` int(10) NOT NULL AUTO_INCREMENT, AUTO_INCREMENT=35;

--
-- AUTO_INCREMENT for table `description`
--
ALTER TABLE `description`
  MODIFY `desc_id` int(10) NOT NULL AUTO_INCREMENT, AUTO_INCREMENT=2;

--
-- AUTO_INCREMENT for table `payments`
--
ALTER TABLE `payments`
  MODIFY `payment_id` int(10) NOT NULL AUTO_INCREMENT, AUTO_INCREMENT=18;

--
-- AUTO_INCREMENT for table `pending_orders`
--
ALTER TABLE `pending_orders`
  MODIFY `order_id` int(10) NOT NULL AUTO_INCREMENT, AUTO_INCREMENT=35;

--
-- AUTO_INCREMENT for table `product`
--
ALTER TABLE `product`
  MODIFY `product_id` int(10) NOT NULL AUTO_INCREMENT, AUTO_INCREMENT=15;

--
-- AUTO_INCREMENT for table `slides`
--
ALTER TABLE `slides`
  MODIFY `slide_id` int(10) NOT NULL AUTO_INCREMENT, AUTO_INCREMENT=14;
COMMIT;

/*!40101 SET CHARACTER_SET_CLIENT=@OLD_CHARACTER_SET_CLIENT */;
/*!40101 SET CHARACTER_SET_RESULTS=@OLD_CHARACTER_SET_RESULTS */;
/*!40101 SET COLLATION_CONNECTION=@OLD_COLLATION_CONNECTION */;
